08/03 08:25|SEC|OTC-PINK:LNNFF;Korea:035420;Tokyo:3938|Form SC 14D9/A LINE Corp Filed by: LINE Corp|XC
08/03 08:20|SEC|OTC-PINK:LNNFF;Korea:035420;Tokyo:3938|Form SC 13E3/A LINE Corp Filed by: LINE Corp|XC
08/03 08:16|SEC|OTC-PINK:NUVG|Form 1-K Nuvus Gro Corp For: Mar 31|XC
08/03 08:13|SEC|OTC-PINK:LNNFF;Korea:035420;Tokyo:3938|Form SC TO-T/A LINE Corp Filed by: NAVER Corp|XC
08/03 08:06|BW|OTC-PINK:PCTL|PCT LTD Provides Update on 2019 10-K Filing, Highlights Revenue Growth, Expense Decrease|XC
08/03 07:58|SEC|NASDAQ-MF:MIDSX;OTC-PINK:WNMLA|Form N-PX Midas Series Trust For: Jun 30|XC
08/03 07:50|SEC|OTC-PINK:FXBY;OTC-PINK:WNMLA|Form N-PX FOXBY CORP. For: Jun 30|XC
08/03 07:37|SEC|OTC-PINK:RZLT|Form 4 Rezolute, Inc. For: Jul 30 Filed by: HANDOK, INC.|XC
08/03 07:35|ACWR|OTC-PINK:COUV|Corporate Universe Shareholder Update New Management - New Developments|XC
08/03 07:30|ACWR|OTC-PINK:SNST|CORRECTION: Sunset Capital Assets, Inc., OTC, SNST, Executes and Completes Definitive Share Exchange Agreement with Aphex BioCleanse Systems Inc.|XC
08/03 07:20|ACWR|OTC-PINK:DECN|DECN Issues Support for Recently Announced FDA COVID-19 At-Home Testing Template as the Company's Submission for Its Genviro! Swift COVID-19 At-Home Test Kit Anticipated Many of the New FDA Requisites|XC
08/03 07:15|SEC|OTC-PINK:INLB|Form 8-K Item 9 Labs Corp. For: Aug 03|XC
08/03 07:10|NFCN|OTC-PINK:ALYI|ALYI Announces Rockefeller Returns 2.0|XC
08/03 07:05|GLB|OTC-PINK:SANT|Santeon Group, Inc Releases Financial and Future Direction|XC
08/03 07:00|PRN|NYSE:MGM;LSE:GVC;OTC-PINK:GMVHY|BetMGM signs with PGA TOUR as an Official Betting Operator|XC
08/03 07:00|BW|OTC-PINK:AITX|Robotic Assistance Devices Announces 27% Increase in Monthly Recurring Revenue Growth in Two Months|XC
08/03 06:55|GLB|OTC-PINK:TAUG|Tauriga Sciences, Inc. Generates Record Monthly E-Commerce Sales for the Month of July 2020|XC
08/03 06:54|SEC|OTC-PINK:LNNFF;Korea:035420;Tokyo:3938|Form 6-K/A LINE Corp For: Jul 31|XC
08/03 06:49|PRN|EuronextParis:BVI;OTC-PINK:BVVBY|Bureau Veritas supports C-V2X Rollout|XC
08/03 06:47|SEC|OTC-PINK:WSCO;OTC-PINK:BMTM|Form 10-Q Wall Street Media Co, For: Jun 30|XC
08/03 06:45|ACWR|OTC-PINK:AMMX|AmeraMex International Receives $50,000 Equipment Order|XC
08/03 06:37|SEC|OTC-PINK:ATAO|Form 4 ALTAIR INTERNATIONAL For: Jul 28 Filed by: EROP Capital LLC|XC
08/03 06:30|PRN|OTC-PINK:TTCM;OtherOTC:TTCM|Tautachrome (OTC: TTCM) Gains Additional Patent Protections for its ARknet Platform with a New Augmented Reality Communities Patent Filing|XC
08/03 06:30|PRN|Tokyo:2413;OTC-PINK:MTHRY|M3 Recognized On Forbes Global 2000, "The World's Largest Public Companies"|XC
08/03 06:25|ACWR|OTC-PINK:CNGA|COVID-19 HVAC Preventive Maintenance Program|XC
08/03 06:24|SEC|OTC-PINK:LNNFF;Korea:035420;Tokyo:3938|Form SC14D9C LINE Corp Filed by: LINE Corp|XC
08/03 06:20|GLB|OTC-PINK:LKNCY|Luckin Coffee to Hold an Extraordinary General Meeting on September 2, 2020 pursuant to a Shareholder Requisition to Re-Appoint Mr. Sean Shao, an Independent Director, to the Board|XC
08/03 06:19|PRN|Shanghai:601727;HongKong:2727;OTC-PINK:SIELY|Shanghai Electric has been awarded EPC contract for 5th phase project of Dubai solar park|XC
08/03 06:18|SEC|OTC-PINK:LNNFF;Korea:035420;Tokyo:3938|Form 6-K LINE Corp For: Aug 03|XC
08/03 06:17|SEC|OTC-PINK:BTGOF;LSE:BT.A|Form 6-K BT GROUP PLC For: Aug 03|XC
08/03 06:15|PRN|Copenhagen:GN;OTC-PINK:GNNDY|BlueParrott Announces Integration with Zebra's Workforce Connect|XC
08/03 06:15|GLB|OTC-PINK:PRTT|Protect Pharmaceutical’s Agropharm A Fertilizer Shown To Increase Crop Yields By As Much As 30%|XC
08/03 06:15|GLB|OTC-PINK:TAUG|Tauriga Sciences, Inc. Receives Notice of Allowance from the European Union Intellectual Property Office - Registering its Trademark for Tauri-Gummies|XC
08/03 06:15|ACWR|OTC-PINK:HPMM|Hemp Naturals, Inc. Joins B2B Directory Wholesalecentral.com|XC
08/03 06:04|SEC|OTC-PINK:LNNFF;Korea:035420;Tokyo:3938|Form 6-K LINE Corp For: Aug 03|XC
08/03 06:02|SEC|OTC-PINK:PMHG|Form 8-K Prime Meridian Holding For: Jun 30|XC
08/03 06:00|PRN|Frankfurt:TMV;OTC-PINK:TMVWY|TeamViewer Expands Remote Access and Control Capabilities to all Android devices|XC
08/03 06:00|PRN|OTC-PINK:ENRT;OtherOTC:ENRT|Enertopia Lithium Project and Solution Testing Update|XC
08/03 06:00|PRN|NASDAQ-NMS:HHT;NYSE:SPOT;NYSE:SNE;NYSE:LYV;OTC-PINK:TCEHY;Tokyo:6758;LSE:0Z4S|Popularity of Streaming Services Grows as Isolation Measures Take Hold|XC
08/03 06:00|PRN|OTC-PINK:TOBAF;NYSE:PM;NYSE:TPB;NYSE:BTI;OTC-PINK:IMBBY;CNSX:TAAT;LSE:BATS;LSE:IMB|Hemp and CBD Arise as Alternatives to the Tobacco Industry|XC
08/03 06:00|GLB|OTC-PINK:LKNCY|Luckin Coffee Received Notifications from Ms. Jie Yang and Ms. Ying Zeng of their Resignations from the Board, Effective Immediately|XC
08/03 06:00|GLB|OTC-PINK:GFTX|Global Fiber Technologies Issues Management Update|XC
08/03 06:00|GLB|OTC-PINK:PMCB|PharmaCyte Biotech Ready to Submit Investigational New Drug Application to FDA for Clinical Trial in Pancreatic Cancer|XC
08/03 06:00|GLB|OTC-PINK:OWPC|Isiah Thomas Announces One World Pharma’s First THC Harvest|XC
08/03 06:00|GLB|NASDAQ-SMALL:BRQS;OTC-PINK:BRQSW|Nasdaq grants extension to Borqs Technologies until final determination from a hearing scheduled for August 27, 2020|XC
08/03 06:00|GLB|OTC-PINK:GNBT|Generex Biotechnology Announces Shareholder Conference Call on Wednesday August 26th, 2020 at 9:30 AM to Provide Details on Impending Corporate Initiatives|XC
08/03 06:00|GLCA|OTC-PINK:GNBT|Generex Biotechnology Announces Shareholder Conference Call on Wednesday August 26th, 2020 at 9:30 AM to Provide Details on Impending Corporate Initiatives|XC
08/03 06:00|NFCN|OTC-PINK:TRXXF;TorontoVE:YGT|Gold Terra Resource Corp. Discusses its 2020 Drilling Program with The Stock Day Podcast|XC
08/03 06:00|NFCN|CNSX:SXTY;OTC-PINK:SXNTF;Frankfurt:2F4|Sixty North Gold Mining Announces Increase in Unit Offering and Second Unit Offering with a Lead Order from Palisades Goldcorp|XC
08/03 06:00|BW|CNSX:HGP;OTC-PINK:HGBL|Heritage Global Inc. Provides Results for Consumer Financial Sales|XC
08/03 06:00|ACWR|OTC-PINK:QNTA|Quanta Announces Quanta Direct|XC
08/03 05:54|SEC|OTC-PINK:LNNFF;Korea:035420;Tokyo:3938|Form 6-K LINE Corp For: Aug 03|XC
08/03 05:48|SEC|OTC-PINK:HRNNF;Toronto:H|Form 6-K Hydro One Ltd For: Aug 01|XC
08/03 05:47|NFCN|OTC-PINK:PAOG|PAOG Outlines Strategic Next Steps and Corporate Housecleaning Agenda|XC
08/03 05:46|NFCN|OTC-PINK:HEMP|HEMP, Inc. Discusses its 2020 Retail and Wholesale Potential with The Stock Day Podcast|XC
08/03 05:45|SEC|OTC-PINK:ITOX|Form 8-K IIOT-OXYS, Inc. For: Jul 29|XC
08/03 05:45|ACWR|OTC-PINK:OPTI|OPTEC Launches Safe-Scan Contactless Infrared Temperature Scanners with Facial Recognition and Mask Compliance Features|XC
08/03 05:44|SEC|OTC-PINK:MATN|Form 8-K MATEON THERAPEUTICS INC For: Jul 24|XC
08/03 05:35|SEC|OTC-PINK:LNNFF;Korea:035420;Tokyo:3938|Form SC TO-C LINE Corp Filed by: NAVER Corp|XC
08/03 05:35|PRN|CNSX:TSK;OTC-PINK:CHXMF;OTC-PINK:DFMTF;OTC-PINK:FFMGF;OTC-PINK:FRERF;OTC-PINK:GLATF;OTC-PINK:GLBXF;OTC-PINK:GLVMF;OTC-PINK:GXSFF;OTC-PINK:KOREF;OTC-PINK:MDRPF;OTC-PINK:NKOSF;OTC-PINK:NMGRF;OTC-PINK:NTGSF;OTC-PINK:ORZCF;OTC-PINK:PGEZF;OTC-PINK:PREIF;OTC-PINK:RVLGF;OTC-PINK:SKREF;OTC-PINK:SLVRF;OTC-PINK:TSKFF;Toronto:FF;Toronto:GLO;Toronto:GMX;Toronto:MAX;Toronto:TLG;TorontoVE:CNC;TorontoVE:DEFN;TorontoVE:FRE;TorontoVE:GPY;TorontoVE:GTT;TorontoVE:GXS;TorontoVE:GZZ;TorontoVE:KORE;TorontoVE:LAB;TorontoVE:ORE;TorontoVE:PGE;TorontoVE:PRG;TorontoVE:RVG;TorontoVE:SKE;TorontoVE:SVE;TorontoVE:WGO;TorontoVE:NOU;NYSE:IAG|Canadian Metals & Mining Investor Presentations Now Available for On-Demand Viewing|XC
08/03 05:35|PRN|OTC-PINK:AMMX|AmeraMex International to Webcast Live at VirtualInvestorConferences.com August 6th|XC
08/03 05:35|CNW|CNSX:TSK;OTC-PINK:CHXMF;OTC-PINK:DFMTF;OTC-PINK:FRERF;OTC-PINK:GXSFF;OTC-PINK:KOREF;OTC-PINK:NKOSF;OTC-PINK:PGEZF;OTC-PINK:PREIF;OTC-PINK:RVLGF;OTC-PINK:FFMGF;OTC-PINK:GLATF;OTC-PINK:GLBXF;OTC-QX:GLVMF;OTC-PINK:MDRPF;OTC-PINK:NMGRF;OTC-PINK:NTGSF;OTC-PINK:ORZCF;OTC-PINK:SKREF;OTC-PINK:SLVRF;OTC-PINK:TSKFF;Toronto:FF;Toronto:GLO;Toronto:GMX;Toronto:MAX;Toronto:TLG;TorontoVE:CNC;TorontoVE:DEFN;TorontoVE:FRE;TorontoVE:GPY;TorontoVE:GTT;TorontoVE:GXS;TorontoVE:GZZ;TorontoVE:KORE;TorontoVE:LAB;TorontoVE:NOU;TorontoVE:ORE;TorontoVE:PGE;TorontoVE:PRG;TorontoVE:RVG;TorontoVE:SKE;TorontoVE:SVE;TorontoVE:WGO;NYSE:IAG|Canadian Metals & Mining Investor Presentations Now Available for On-Demand Viewing|XC
08/03 05:32|SEC|OTC-PINK:DOFSQ;NYSE:L|Form 8-K DIAMOND OFFSHORE DRILLIN For: Aug 03|XC